INSERT INTO DISCIPLINA(ID_DISCIPLINA, NOME, CONTADOR_DE_ACESSO)
    VALUES(1,
            'ALGORITMO',
            0);
            
INSERT INTO DISCIPLINA(ID_DISCIPLINA, NOME, CONTADOR_DE_ACESSO)
    VALUES(2,
            'PORTUGUES',
            0);
            
INSERT INTO DISCIPLINA(ID_DISCIPLINA, NOME, CONTADOR_DE_ACESSO)
    VALUES(3,
            'MATEMATICA',
            0);
            
INSERT INTO CAPITULO(ID_CAPITULO, NUMERO_CAPITULO)
    VALUES(1,
            1);
            
INSERT INTO CAPITULO(ID_CAPITULO, NUMERO_CAPITULO)
    VALUES(2,
            2);
            
INSERT INTO CAPITULO(ID_CAPITULO, NUMERO_CAPITULO)
    VALUES(3,
            3);

INSERT INTO CAPITULO(ID_CAPITULO, NUMERO_CAPITULO)
    VALUES(4,
            4);
           
INSERT INTO CAPITULO(ID_CAPITULO, NUMERO_CAPITULO)
    VALUES(5,
            5);
         
INSERT INTO CAPITULO(ID_CAPITULO, NUMERO_CAPITULO)
    VALUES(6,
            6);
            
INSERT INTO CAPITULO(ID_CAPITULO, NUMERO_CAPITULO)
    VALUES(7,
            7);
           
INSERT INTO CAPITULO(ID_CAPITULO, NUMERO_CAPITULO)
    VALUES(8,
            8);
        
INSERT INTO CAPITULO(ID_CAPITULO, NUMERO_CAPITULO)
    VALUES(9,
            9);
            
INSERT INTO CAPITULO(ID_CAPITULO, NUMERO_CAPITULO)
    VALUES(10,
            10);
            
INSERT INTO CAPITULO(ID_CAPITULO, NUMERO_CAPITULO)
    VALUES(11,
            11);
            
INSERT INTO CAPITULO(ID_CAPITULO, NUMERO_CAPITULO)
    VALUES(12,
            12);
            
INSERT INTO CAPITULO(ID_CAPITULO, NUMERO_CAPITULO)
    VALUES(13,
            13);    
            
INSERT INTO MATERIA(ID_MATERIA, ID_DISCIPLINA, ID_CAPITULO, CONTADOR_DE_ACESSO)
    VALUES(1,
            1,
            1,
            0);
            
INSERT INTO MATERIA(ID_MATERIA, ID_DISCIPLINA, ID_CAPITULO, CONTADOR_DE_ACESSO)
    VALUES(2,
            1,
            2,
            0);            
            
INSERT INTO MATERIA(ID_MATERIA, ID_DISCIPLINA, ID_CAPITULO, CONTADOR_DE_ACESSO)
    VALUES(3,
            1,
            3,
            0);            
            
INSERT INTO MATERIA(ID_MATERIA, ID_DISCIPLINA, ID_CAPITULO, CONTADOR_DE_ACESSO)
    VALUES(4,
            1,
            4,
            0);            
            
INSERT INTO MATERIA(ID_MATERIA, ID_DISCIPLINA, ID_CAPITULO, CONTADOR_DE_ACESSO)
    VALUES(5,
            1,
            5,
            0);            
            
INSERT INTO MATERIA(ID_MATERIA, ID_DISCIPLINA, ID_CAPITULO, CONTADOR_DE_ACESSO)
    VALUES(6,
            1,
            6,
            0);            
            
INSERT INTO MATERIA(ID_MATERIA, ID_DISCIPLINA, ID_CAPITULO, CONTADOR_DE_ACESSO)
    VALUES(7,
            1,
            7,
            0);
            
INSERT INTO MATERIA(ID_MATERIA, ID_DISCIPLINA, ID_CAPITULO, CONTADOR_DE_ACESSO)
    VALUES(8,
            2,
            1,
            0); 
            
INSERT INTO MATERIA(ID_MATERIA, ID_DISCIPLINA, ID_CAPITULO, CONTADOR_DE_ACESSO)
    VALUES(9,
            2,
            2,
            0);            
            
INSERT INTO MATERIA(ID_MATERIA, ID_DISCIPLINA, ID_CAPITULO, CONTADOR_DE_ACESSO)
    VALUES(10,
            2,
            3,
            0);            
            
INSERT INTO MATERIA(ID_MATERIA, ID_DISCIPLINA, ID_CAPITULO, CONTADOR_DE_ACESSO)
    VALUES(11,
            2,
            4,
            0);            
            
INSERT INTO MATERIA(ID_MATERIA, ID_DISCIPLINA, ID_CAPITULO, CONTADOR_DE_ACESSO)
    VALUES(12,
            2,
            5,
            0);            
            
INSERT INTO MATERIA(ID_MATERIA, ID_DISCIPLINA, ID_CAPITULO, CONTADOR_DE_ACESSO)
    VALUES(13,
            2,
            6,
            0);            
            
INSERT INTO MATERIA(ID_MATERIA, ID_DISCIPLINA, ID_CAPITULO, CONTADOR_DE_ACESSO)
    VALUES(14,
            2,
            7,
            0);            
            
INSERT INTO MATERIA(ID_MATERIA, ID_DISCIPLINA, ID_CAPITULO, CONTADOR_DE_ACESSO)
    VALUES(15,
            2,
            8,
            0);            
            
INSERT INTO MATERIA(ID_MATERIA, ID_DISCIPLINA, ID_CAPITULO, CONTADOR_DE_ACESSO)
    VALUES(16,
            2,
            9,
            0);            
            
INSERT INTO MATERIA(ID_MATERIA, ID_DISCIPLINA, ID_CAPITULO, CONTADOR_DE_ACESSO)
    VALUES(17,
            2,
            10,
            0);            
            
INSERT INTO MATERIA(ID_MATERIA, ID_DISCIPLINA, ID_CAPITULO, CONTADOR_DE_ACESSO)
    VALUES(18,
            2,
            11,
            0);            
            
INSERT INTO MATERIA(ID_MATERIA, ID_DISCIPLINA, ID_CAPITULO, CONTADOR_DE_ACESSO)
    VALUES(19,
            2,
            12,
            0);            
            
INSERT INTO MATERIA(ID_MATERIA, ID_DISCIPLINA, ID_CAPITULO, CONTADOR_DE_ACESSO)
    VALUES(20,
            2,
            13,
            0);            
            
INSERT INTO MATERIA(ID_MATERIA, ID_DISCIPLINA, ID_CAPITULO, CONTADOR_DE_ACESSO)
    VALUES(21,
            3,
            1,
            0);            
            
INSERT INTO MATERIA(ID_MATERIA, ID_DISCIPLINA, ID_CAPITULO, CONTADOR_DE_ACESSO)
    VALUES(22,
            3,
            2,
            0);            
            
INSERT INTO MATERIA(ID_MATERIA, ID_DISCIPLINA, ID_CAPITULO, CONTADOR_DE_ACESSO)
    VALUES(23,
            3,
            3,
            0);            
            
INSERT INTO MATERIA(ID_MATERIA, ID_DISCIPLINA, ID_CAPITULO, CONTADOR_DE_ACESSO)
    VALUES(24,
            3,
            4,
            0);            
            
INSERT INTO MATERIA(ID_MATERIA, ID_DISCIPLINA, ID_CAPITULO, CONTADOR_DE_ACESSO)
    VALUES(25,
            3,
            5,
            0);            
            
INSERT INTO MATERIA(ID_MATERIA, ID_DISCIPLINA, ID_CAPITULO, CONTADOR_DE_ACESSO)
    VALUES(26,
            3,
            6,
            0);            
            
INSERT INTO DESCRICAO(ID_DESCRICAO, ID_MATERIA, DESCRICAO)
    VALUES(1,
            1,
            'PRINCIPIOS DA PROGRAMACAO');            
            
INSERT INTO DESCRICAO(ID_DESCRICAO, ID_MATERIA, DESCRICAO)
    VALUES(2,
            2,
            'TOMADA DE DECISAO');            
            
INSERT INTO DESCRICAO(ID_DESCRICAO, ID_MATERIA, DESCRICAO)
    VALUES(3,
            3,
            'ESTRUTURAS DE REPETICAO');            
            
INSERT INTO DESCRICAO(ID_DESCRICAO, ID_MATERIA, DESCRICAO)
    VALUES(4,
            4,
            'VETORES E MATRIZES');            
            
INSERT INTO DESCRICAO(ID_DESCRICAO, ID_MATERIA, DESCRICAO)
    VALUES(5,
            5,
            'ANALISE ALGORITIMA');           
            
INSERT INTO DESCRICAO(ID_DESCRICAO, ID_MATERIA, DESCRICAO)
    VALUES(6,
            6,
            'ORDENACAO DE VETORES');            
            
INSERT INTO DESCRICAO(ID_DESCRICAO, ID_MATERIA, DESCRICAO)
    VALUES(7,
            7,
            'BUSCA');            
            
            
INSERT INTO DESCRICAO(ID_DESCRICAO, ID_MATERIA, DESCRICAO)
    VALUES(8,
            8,
            'COMUNICACAO EMPRESARIAL');            
            
INSERT INTO DESCRICAO(ID_DESCRICAO, ID_MATERIA, DESCRICAO)
    VALUES(9,
            9,
            'TECNICAS DE LEITURA E INTERPRETACAO DE TEXTOS');            
            
INSERT INTO DESCRICAO(ID_DESCRICAO, ID_MATERIA, DESCRICAO)
    VALUES(10,
            10,
            'A COESAO TEXTUAL E A CONSTRUCAO DO SENTIDO');            
            
            
INSERT INTO DESCRICAO(ID_DESCRICAO, ID_MATERIA, DESCRICAO)
    VALUES(11,
            11,
            'COERENCIA A UNIDADE DO TEXTO');
            
INSERT INTO DESCRICAO(ID_DESCRICAO, ID_MATERIA, DESCRICAO)
    VALUES(12,
            12,
            'STORYTELLING');           
            
INSERT INTO DESCRICAO(ID_DESCRICAO, ID_MATERIA, DESCRICAO)
    VALUES(13,
            13,
            'CONCEITO DE STARTUP');            
            
INSERT INTO DESCRICAO(ID_DESCRICAO, ID_MATERIA, DESCRICAO)
    VALUES(14,
            14,
            'MODELO DE NEGOCIOS CANVAS');            
            
INSERT INTO DESCRICAO(ID_DESCRICAO, ID_MATERIA, DESCRICAO)
    VALUES(15,
            15,
            'O MODERNO TEXTO EMPRESARIAL');            
            
INSERT INTO DESCRICAO(ID_DESCRICAO, ID_MATERIA, DESCRICAO)
    VALUES(16,
            16,
            'CARACTERISTICAS DO MODERNO TEXTO EMPRESARIAL');            
              
INSERT INTO DESCRICAO(ID_DESCRICAO, ID_MATERIA, DESCRICAO)
    VALUES(17,
            17,
            'ERROS EMPRESARIAIS COMUNS');            
            
INSERT INTO DESCRICAO(ID_DESCRICAO, ID_MATERIA, DESCRICAO)
    VALUES(18,
            18,
            'TECNICAS DE APRESENTACAO');            
            
INSERT INTO DESCRICAO(ID_DESCRICAO, ID_MATERIA, DESCRICAO)
    VALUES(19,
            19,
            'PITCH');            
            
INSERT INTO DESCRICAO(ID_DESCRICAO, ID_MATERIA, DESCRICAO)
    VALUES(20,
            20,
            'GRAMATICA NORMATIVA APLICADA A LEITURA E PRODUCAO TEXTUAL');            
            
INSERT INTO DESCRICAO(ID_DESCRICAO, ID_MATERIA, DESCRICAO)
    VALUES(21,
            21,
            'REVISAO DE FUNCOES');            
            
INSERT INTO DESCRICAO(ID_DESCRICAO, ID_MATERIA, DESCRICAO)
    VALUES(22,
            22,
            'FUNCOES E SUAS APLICACOES EXPONENCIAIS');            
            
INSERT INTO DESCRICAO(ID_DESCRICAO, ID_MATERIA, DESCRICAO)
    VALUES(23,
            23,
            'LIMITE E SUAS APLICACOES');            
            
INSERT INTO DESCRICAO(ID_DESCRICAO, ID_MATERIA, DESCRICAO)
    VALUES(24,
            24,
            'DERIVADAS PARTE 1');            
            
INSERT INTO DESCRICAO(ID_DESCRICAO, ID_MATERIA, DESCRICAO)
    VALUES(25,
            25,
            'DERIVADAS PARTE 2');             
            
INSERT INTO DESCRICAO(ID_DESCRICAO, ID_MATERIA, DESCRICAO)
    VALUES(26,
            26,
            'INTEGRAIS');